pose_id,mean_x,mean_y,mean_theta,sigma_x,sigma_y,sigma_theta
0,0.080000000,-0.050000000,0.092080782,0.150000000,0.150000000,0.080000000
