landmark_id,x,y
0,-6.000000000,-2.000000000
1,3.000000000,5.500000000
2,10.000000000,1.800000000
3,19.000000000,6.500000000
4,15.500000000,17.500000000
5,4.000000000,18.500000000
6,-5.500000000,9.500000000
7,10.500000000,9.000000000
8,21.500000000,14.200000000
9,-2.000000000,16.000000000
