closure_id,from_id,to_id,dx,dy,dtheta
0,0,84,-0.100605381,0.357966711,-0.642518120
1,23,176,0.104173183,0.210127865,-1.683339724
2,47,144,-0.163535905,0.021162742,0.238015410
3,76,211,-0.077611216,0.142632783,-2.231569904
4,149,246,-0.034025390,-0.198003105,1.978222484
5,89,198,0.023307231,1.213147891,-2.838615776
6,42,146,0.072848203,-0.003195292,0.001866713
7,118,228,0.125503021,-0.166813372,-0.003233845
